{"n_gen": 81, "pop_size": 40, "n_enemies": 2, "best_fitness": 84.4230703447839, "best_gain": 16.20000000000023}