{"n_gen": 81, "pop_size": 40, "n_enemies": 2, "best_fitness": 84.9649241594004, "best_gain": 38.00000000000047}