{"n_gen": 81, "pop_size": 40, "n_enemies": 2, "best_fitness": 74.74233241211735, "best_gain": -9.599999999999765}