{"n_gen": 80, "pop_size": 40, "n_enemies": 2, "best_fitness": 74.7290115681417, "best_gain": 21.000000000000263}