{"n_gen": 80, "pop_size": 40, "n_enemies": 2, "best_fitness": 74.75583309933626, "best_gain": 42.600000000000314}