{"n_gen": 81, "pop_size": 40, "n_enemies": 2, "best_fitness": 66.12788221052459, "best_gain": 5.000000000000249}