{"n_gen": 80, "pop_size": 40, "n_enemies": 2, "best_fitness": 85.67165549623893, "best_gain": 59.000000000000526}