{"n_gen": 81, "pop_size": 40, "n_enemies": 2, "best_fitness": 66.14492807779757, "best_gain": 1.4000000000002402}