{"n_gen": 81, "pop_size": 40, "n_enemies": 2, "best_fitness": 66.1593583426266, "best_gain": 1.4000000000002402}