{"n_gen": 80, "pop_size": 40, "n_enemies": 2, "best_fitness": 86.31686730400924, "best_gain": 59.80000000000026}