{"n_gen": 81, "pop_size": 40, "n_enemies": 2, "best_fitness": 84.69559097964962, "best_gain": 38.60000000000048}