{"n_gen": 80, "pop_size": 40, "n_enemies": 2, "best_fitness": 85.17882911671835, "best_gain": 49.800000000000246}