{"n_gen": 81, "pop_size": 40, "n_enemies": 2, "best_fitness": 66.19788162462294, "best_gain": 2.600000000000243}