{"n_gen": 81, "pop_size": 40, "n_enemies": 2, "best_fitness": 57.53193985886486, "best_gain": -8.59999999999976}