{"n_gen": 81, "pop_size": 40, "n_enemies": 2, "best_fitness": 66.20698639161586, "best_gain": 2.0000000000002416}