{"n_gen": 81, "pop_size": 40, "n_enemies": 2, "best_fitness": 74.85153170408235, "best_gain": 40.80000000000031}