{"n_gen": 80, "pop_size": 40, "n_enemies": 2, "best_fitness": 86.5598287472796, "best_gain": 56.60000000000051}