{"n_gen": 80, "pop_size": 40, "n_enemies": 2, "best_fitness": 66.15067522005315, "best_gain": -0.9999999999997655}