{"n_gen": 80, "pop_size": 40, "n_enemies": 2, "best_fitness": 87.71165549623893, "best_gain": 79.40000000000057}