{"n_gen": 80, "pop_size": 40, "n_enemies": 2, "best_fitness": 74.12167353170868, "best_gain": 39.60000000000031}