{"n_gen": 80, "pop_size": 40, "n_enemies": 2, "best_fitness": 75.24742736117437, "best_gain": 12.600000000000243}