{"n_gen": 80, "pop_size": 40, "n_enemies": 2, "best_fitness": 85.97060701409177, "best_gain": 60.20000000000052}