{"n_gen": 81, "pop_size": 40, "n_enemies": 2, "best_fitness": 84.65165549623893, "best_gain": 24.800000000000477}