{"n_gen": 80, "pop_size": 40, "n_enemies": 2, "best_fitness": 86.14853545289205, "best_gain": 50.6000000000005}