{"n_gen": 80, "pop_size": 40, "n_enemies": 2, "best_fitness": 75.00354791138099, "best_gain": 36.0000000000003}