{"n_gen": 81, "pop_size": 40, "n_enemies": 2, "best_fitness": 74.76363040979629, "best_gain": 15.000000000000249}