{"n_gen": 81, "pop_size": 40, "n_enemies": 2, "best_fitness": 74.88190280195865, "best_gain": -4.799999999999766}