{"n_gen": 81, "pop_size": 40, "n_enemies": 2, "best_fitness": 84.63737020514458, "best_gain": 42.200000000000486}