{"n_gen": 80, "pop_size": 40, "n_enemies": 2, "best_fitness": 85.25520676758504, "best_gain": 24.200000000000458}